Portfolio,MAPE,MSE,MAE,R2 Score
PLS,17.49149164331292,0.26433490903046075,0.31685062881567044,0.8464560820847239
PLS Canonical,8.294689186211349,0.09718957462424306,0.20040811774530268,0.9194635623708229
CCA,12.122059610530798,0.2157811974586605,0.29555049554740104,0.8688823250454665
