Portfolio,MAPE,MSE,R2 Score
Random Forest,0.13010834988911393,0.0020278597955256795,0.007889329750343607
Gradient Boosting,0.18949962067227777,0.0018270469499296266,0.008780017962691053
Ada Boosting,0.2328287739572184,0.0016374598685211703,0.008944890301773289
Extra Trees,0.1670448469295447,0.003649976508929126,0.007267069889409268
Epsilon SVM,0.13489480229196282,0.005001436283209552,0.00829776571059808
Nu SVM,0.1410141330995097,0.0015228821176032838,0.00912021883208346
MLP3,0.16428802089464095,0.0011934944991124773,0.009087583412729822
