Portfolio,MAPE,MSE,R2 Score
PLS Regression,0.1749149164331292,0.0026433490903046077,0.008464560820847239
PLS Canonical Regression,0.08294689186211349,0.0009718957462424307,0.009194635623708229
CCA Regression,0.12122059610530797,0.002157811974586605,0.008688823250454664
