Portfolio,MSE,MAE,R2,MAPE
Linear Regression,0.0010757652749881022,0.0022035413255670207,0.009222076634828633,0.18711743299370479
Ridge Regression,0.001017637862308329,0.002142952960239696,0.009271058345091829,0.11642623648601083
Lasso Regression,0.0010502810595404443,0.002185164010151443,0.00925564374356578,0.15250357138838397
Bayesian Regression,0.0010214687186337053,0.002148404334874237,0.009265697998685742,0.12033001802768153
