Portfolio,MAPE,MSE,R2 Score
Linear Regression,0.18711743299370479,0.0010757652749881022,0.009222076634828633
Ridge Regression,0.0824551450182372,0.0009933214425633227,0.009069968152234365
Lasso Regression,0.15250357138838397,0.0010502810595404443,0.00925564374356578
Elastic Net,0.15250357138838397,0.0010502810595404443,0.00925564374356578
Bridge Regression,0.10715113604323154,0.0009713803860422153,0.009313484476791449
